id,user_id,original_filename,file_type,file_size_bytes,status,error_message,store_name,receipt_date,total_amount,created_at,processed_at
afa0fb85-b22b-4cee-9d92-71ab818c0e61,66dd1d99-4282-434c-8228-ee5b99623aae,receipt_20250101_535.jpg,jpg,1326604,COMPLETED,,aldi,2025-01-01,57.82,2025-01-01 21:30:00.000000 +00:00,2025-01-01 21:34:12.000000 +00:00
dd28a640-d831-40c9-8ec7-cd6dac4bb43c,66dd1d99-4282-434c-8228-ee5b99623aae,receipt_20250104_839.jpg,jpg,1204010,COMPLETED,,carrefour,2025-01-04,56.17,2025-01-04 13:48:00.000000 +00:00,2025-01-04 13:48:38.000000 +00:00
0dd3cc00-e4a3-46b2-b1e9-9e44c447a21e,66dd1d99-4282-434c-8228-ee5b99623aae,receipt_20250106_869.jpg,jpg,1015699,COMPLETED,,lidl,2025-01-06,105.98,2025-01-06 13:38:00.000000 +00:00,2025-01-06 13:42:45.000000 +00:00
68856c68-1d95-418e-b1e9-e3d2a03526f4,66dd1d99-4282-434c-8228-ee5b99623aae,receipt_20250108_316.jpg,jpg,1871151,COMPLETED,,aldi,2025-01-08,33.06,2025-01-08 12:13:00.000000 +00:00,2025-01-08 12:14:54.000000 +00:00
31c1015d-b2b8-4e17-b0a5-1999fbd81cde,66dd1d99-4282-434c-8228-ee5b99623aae,receipt_20250110_857.jpg,jpg,1003762,COMPLETED,,aldi,2025-01-10,23.72,2025-01-10 09:32:00.000000 +00:00,2025-01-10 09:34:25.000000 +00:00
dee5147c-0329-4b5c-a706-67416e3d1d78,66dd1d99-4282-434c-8228-ee5b99623aae,receipt_20250113_457.jpg,jpg,1495160,COMPLETED,,lidl,2025-01-13,50.8,2025-01-13 18:51:00.000000 +00:00,2025-01-13 18:54:43.000000 +00:00
8d3816fb-8bc2-4fe8-abce-28f85a119d3a,66dd1d99-4282-434c-8228-ee5b99623aae,receipt_20250114_554.jpg,jpg,1546148,COMPLETED,,delhaize,2025-01-14,18.36,2025-01-14 15:15:00.000000 +00:00,2025-01-14 15:19:57.000000 +00:00
2e09268f-ffad-4fb2-a56f-6b20505afb68,66dd1d99-4282-434c-8228-ee5b99623aae,receipt_20250116_298.jpg,jpg,490700,COMPLETED,,aldi,2025-01-16,56.04,2025-01-16 12:33:00.000000 +00:00,2025-01-16 12:35:56.000000 +00:00
071b0e42-129e-4e6a-a048-e9b284c75408,66dd1d99-4282-434c-8228-ee5b99623aae,receipt_20250117_328.jpg,jpg,1973973,COMPLETED,,spar,2025-01-17,32.86,2025-01-17 21:20:00.000000 +00:00,2025-01-17 21:21:23.000000 +00:00
65a1788b-a721-49be-b82c-6c7c3d1eec35,66dd1d99-4282-434c-8228-ee5b99623aae,receipt_20250118_114.jpg,jpg,1783093,COMPLETED,,spar,2025-01-18,77.6,2025-01-18 10:28:00.000000 +00:00,2025-01-18 10:28:32.000000 +00:00
ce14d046-493a-49f8-bd5b-ab71a47c1491,66dd1d99-4282-434c-8228-ee5b99623aae,receipt_20250119_172.jpg,jpg,168134,COMPLETED,,delhaize,2025-01-19,33.33,2025-01-19 22:27:00.000000 +00:00,2025-01-19 22:29:48.000000 +00:00
67cdf290-e123-4891-a81f-c369901bf673,66dd1d99-4282-434c-8228-ee5b99623aae,receipt_20250120_252.jpg,jpg,1783131,COMPLETED,,aldi,2025-01-20,74.82,2025-01-20 21:44:00.000000 +00:00,2025-01-20 21:48:47.000000 +00:00
83518405-72b6-4aaf-ab84-8f9ade9e07ca,66dd1d99-4282-434c-8228-ee5b99623aae,receipt_20250123_890.jpg,jpg,150408,COMPLETED,,aldi,2025-01-23,34.8,2025-01-23 18:13:00.000000 +00:00,2025-01-23 18:14:51.000000 +00:00
14968d09-dfb0-438d-bc7a-daf0d05c6c95,66dd1d99-4282-434c-8228-ee5b99623aae,receipt_20250124_375.jpg,jpg,1356324,COMPLETED,,carrefour,2025-01-24,39.65,2025-01-24 14:34:00.000000 +00:00,2025-01-24 14:38:51.000000 +00:00
3140eb6b-3cce-48d9-8646-e9c362f9d594,66dd1d99-4282-434c-8228-ee5b99623aae,receipt_20250125_149.jpg,jpg,774901,COMPLETED,,lidl,2025-01-25,38.48,2025-01-25 09:32:00.000000 +00:00,2025-01-25 09:35:02.000000 +00:00
bb3f4bc7-25da-4041-b4f1-510416c60dce,66dd1d99-4282-434c-8228-ee5b99623aae,receipt_20250126_101.jpg,jpg,413838,COMPLETED,,aldi,2025-01-26,80.86,2025-01-26 10:33:00.000000 +00:00,2025-01-26 10:35:03.000000 +00:00
d0d8017b-f1c3-41fb-9ead-e561d41f5f3f,66dd1d99-4282-434c-8228-ee5b99623aae,receipt_20250128_758.jpg,jpg,1304587,COMPLETED,,aldi,2025-01-28,67.59,2025-01-28 14:59:00.000000 +00:00,2025-01-28 15:00:23.000000 +00:00
3fa55d38-9caa-4c0a-a3b6-12f17893a1f9,66dd1d99-4282-434c-8228-ee5b99623aae,receipt_20250129_741.jpg,jpg,842472,COMPLETED,,delhaize,2025-01-29,35.62,2025-01-29 13:39:00.000000 +00:00,2025-01-29 13:40:38.000000 +00:00
6765360c-8a2c-4222-8e59-82de2c0fe065,66dd1d99-4282-434c-8228-ee5b99623aae,receipt_20250130_241.jpg,jpg,1966778,COMPLETED,,colruyt,2025-01-30,82.93,2025-01-30 15:55:00.000000 +00:00,2025-01-30 15:58:15.000000 +00:00
68462618-64c0-4525-b11b-c577854bbd07,66dd1d99-4282-434c-8228-ee5b99623aae,receipt_20250131_943.jpg,jpg,186877,COMPLETED,,colruyt,2025-01-31,28.93,2025-01-31 15:36:00.000000 +00:00,2025-01-31 15:38:43.000000 +00:00
1b86676f-74cc-4819-b7b2-e5f7be1217f3,66dd1d99-4282-434c-8228-ee5b99623aae,receipt_20250201_887.jpg,jpg,1934494,COMPLETED,,delhaize,2025-02-01,63.78,2025-02-01 13:47:00.000000 +00:00,2025-02-01 13:48:16.000000 +00:00
03073e56-701d-4d1f-ac3d-b776790b3dd6,66dd1d99-4282-434c-8228-ee5b99623aae,receipt_20250206_559.jpg,jpg,1214775,COMPLETED,,delhaize,2025-02-06,70.92,2025-02-06 13:39:00.000000 +00:00,2025-02-06 13:43:36.000000 +00:00
50fbb31d-beb3-428d-a4cc-f42ae949007c,66dd1d99-4282-434c-8228-ee5b99623aae,receipt_20250217_859.jpg,jpg,1876962,COMPLETED,,carrefour,2025-02-17,64.67,2025-02-17 13:35:00.000000 +00:00,2025-02-17 13:36:17.000000 +00:00
8ad81343-4bf4-4b1b-b4bc-b025ae6fd856,66dd1d99-4282-434c-8228-ee5b99623aae,receipt_20250218_384.jpg,jpg,1046702,COMPLETED,,lidl,2025-02-18,118.96,2025-02-18 12:49:00.000000 +00:00,2025-02-18 12:51:34.000000 +00:00
bf4088b8-fd49-4866-ad5b-57eba6c6eead,66dd1d99-4282-434c-8228-ee5b99623aae,receipt_20250220_365.jpg,jpg,95302,COMPLETED,,aldi,2025-02-20,23.94,2025-02-20 09:29:00.000000 +00:00,2025-02-20 09:31:03.000000 +00:00
ed304996-b5ce-4248-a8aa-164c71f23b95,66dd1d99-4282-434c-8228-ee5b99623aae,receipt_20250224_216.jpg,jpg,1610275,COMPLETED,,lidl,2025-02-24,17.85,2025-02-24 10:07:00.000000 +00:00,2025-02-24 10:09:26.000000 +00:00
9203df54-78fe-423b-a278-67343b47a0e8,66dd1d99-4282-434c-8228-ee5b99623aae,receipt_20250226_896.jpg,jpg,437582,COMPLETED,,spar,2025-02-26,75.5,2025-02-26 11:14:00.000000 +00:00,2025-02-26 11:16:32.000000 +00:00
02d8dd28-b086-4aff-a825-d1634176fd77,66dd1d99-4282-434c-8228-ee5b99623aae,receipt_20250227_322.jpg,jpg,563443,COMPLETED,,colruyt,2025-02-27,40.72,2025-02-27 11:31:00.000000 +00:00,2025-02-27 11:34:49.000000 +00:00
542aa727-29b8-4de4-a848-277a576fba96,66dd1d99-4282-434c-8228-ee5b99623aae,receipt_20250302_325.jpg,jpg,1997869,COMPLETED,,aldi,2025-03-02,95.89,2025-03-02 21:17:00.000000 +00:00,2025-03-02 21:21:05.000000 +00:00
712050d8-c1a9-4974-aa36-09a19aa822d3,66dd1d99-4282-434c-8228-ee5b99623aae,receipt_20250308_262.jpg,jpg,590884,COMPLETED,,delhaize,2025-03-08,73.47,2025-03-08 18:14:00.000000 +00:00,2025-03-08 18:17:11.000000 +00:00
f9699c36-9ea0-4045-a11d-713279103b9e,66dd1d99-4282-434c-8228-ee5b99623aae,receipt_20250309_272.jpg,jpg,165942,COMPLETED,,aldi,2025-03-09,65.96,2025-03-09 18:57:00.000000 +00:00,2025-03-09 18:57:42.000000 +00:00
833cf8b4-e253-460e-845c-cbc0881735ad,66dd1d99-4282-434c-8228-ee5b99623aae,receipt_20250310_144.jpg,jpg,481027,COMPLETED,,delhaize,2025-03-10,24.45,2025-03-10 18:30:00.000000 +00:00,2025-03-10 18:31:59.000000 +00:00
081d4c0a-19cd-4d56-b96d-f078ab965dec,66dd1d99-4282-434c-8228-ee5b99623aae,receipt_20250314_907.jpg,jpg,1587385,COMPLETED,,carrefour,2025-03-14,26.7,2025-03-14 14:14:00.000000 +00:00,2025-03-14 14:15:24.000000 +00:00
379062ab-4435-4359-9649-d95b58fa7ff1,66dd1d99-4282-434c-8228-ee5b99623aae,receipt_20250317_107.jpg,jpg,403298,COMPLETED,,aldi,2025-03-17,85.99,2025-03-17 17:35:00.000000 +00:00,2025-03-17 17:37:48.000000 +00:00
5ee96f6b-6bcc-4d4b-bc3e-efcf783a26e5,66dd1d99-4282-434c-8228-ee5b99623aae,receipt_20250320_618.jpg,jpg,209879,COMPLETED,,spar,2025-03-20,43.78,2025-03-20 13:14:00.000000 +00:00,2025-03-20 13:16:14.000000 +00:00
54315d90-8952-47b6-8d77-abeb7c9ebbae,66dd1d99-4282-434c-8228-ee5b99623aae,receipt_20250322_676.jpg,jpg,1960378,COMPLETED,,carrefour,2025-03-22,79.76,2025-03-22 12:50:00.000000 +00:00,2025-03-22 12:53:40.000000 +00:00
777218e0-42e9-41c2-8f39-5c10a873cc76,66dd1d99-4282-434c-8228-ee5b99623aae,receipt_20250325_180.jpg,jpg,773023,COMPLETED,,carrefour,2025-03-25,82.75,2025-03-25 13:09:00.000000 +00:00,2025-03-25 13:12:18.000000 +00:00
96d0a7ea-7187-435a-99e1-548b19f9092e,66dd1d99-4282-434c-8228-ee5b99623aae,receipt_20250326_317.jpg,jpg,67101,COMPLETED,,carrefour,2025-03-26,93.61,2025-03-26 20:26:00.000000 +00:00,2025-03-26 20:26:52.000000 +00:00
ab9cc78c-a4b4-48a9-8381-d7c0fa04cffd,66dd1d99-4282-434c-8228-ee5b99623aae,receipt_20250329_507.jpg,jpg,691916,COMPLETED,,carrefour,2025-03-29,101.99,2025-03-29 17:00:00.000000 +00:00,2025-03-29 17:01:35.000000 +00:00
b0bda916-1698-4b3a-9d35-d7fb727336a0,66dd1d99-4282-434c-8228-ee5b99623aae,receipt_20250402_739.jpg,jpg,1629926,COMPLETED,,carrefour,2025-04-02,70.31,2025-04-02 11:04:00.000000 +00:00,2025-04-02 11:07:40.000000 +00:00
c20ef396-d882-411e-8d32-0090e7d95b19,66dd1d99-4282-434c-8228-ee5b99623aae,receipt_20250405_404.jpg,jpg,631947,COMPLETED,,delhaize,2025-04-05,72.58,2025-04-05 18:55:00.000000 +00:00,2025-04-05 18:56:47.000000 +00:00
78637490-d27a-4d3d-9fe2-991f2aac90d9,66dd1d99-4282-434c-8228-ee5b99623aae,receipt_20250407_729.jpg,jpg,1439802,COMPLETED,,carrefour,2025-04-07,52.43,2025-04-07 13:07:00.000000 +00:00,2025-04-07 13:09:18.000000 +00:00
d08b50ac-8c2c-4506-bc20-4c2890f54388,66dd1d99-4282-434c-8228-ee5b99623aae,receipt_20250409_913.jpg,jpg,1933196,COMPLETED,,carrefour,2025-04-09,38.91,2025-04-09 19:37:00.000000 +00:00,2025-04-09 19:39:38.000000 +00:00
a88eefe1-cdd7-4fea-86a6-b8d6a0f81dc8,66dd1d99-4282-434c-8228-ee5b99623aae,receipt_20250413_696.jpg,jpg,190962,COMPLETED,,aldi,2025-04-13,35.83,2025-04-13 12:52:00.000000 +00:00,2025-04-13 12:55:45.000000 +00:00
15f3d1a0-9fb2-48d5-a516-60b2b3f58cc7,66dd1d99-4282-434c-8228-ee5b99623aae,receipt_20250414_339.jpg,jpg,836434,COMPLETED,,aldi,2025-04-14,82.15,2025-04-14 19:41:00.000000 +00:00,2025-04-14 19:45:16.000000 +00:00
1982931f-20fc-408e-bb9d-fb1f69c0db9c,66dd1d99-4282-434c-8228-ee5b99623aae,receipt_20250418_346.jpg,jpg,638418,COMPLETED,,colruyt,2025-04-18,25.12,2025-04-18 19:01:00.000000 +00:00,2025-04-18 19:02:44.000000 +00:00
7cf5adc1-d7a2-45b5-950d-f8087a3251e1,66dd1d99-4282-434c-8228-ee5b99623aae,receipt_20250420_777.jpg,jpg,1444040,COMPLETED,,aldi,2025-04-20,91.86,2025-04-20 14:43:00.000000 +00:00,2025-04-20 14:47:04.000000 +00:00
649334cd-7ec7-4641-b533-6d44e7918b5d,66dd1d99-4282-434c-8228-ee5b99623aae,receipt_20250428_577.jpg,jpg,1109089,COMPLETED,,lidl,2025-04-28,49.9,2025-04-28 20:41:00.000000 +00:00,2025-04-28 20:43:56.000000 +00:00
fc9ff894-37a0-45f7-8604-054739750e05,66dd1d99-4282-434c-8228-ee5b99623aae,receipt_20250430_993.jpg,jpg,890289,COMPLETED,,spar,2025-04-30,127.85,2025-04-30 16:53:00.000000 +00:00,2025-04-30 16:57:50.000000 +00:00
506b6d19-5e40-4552-af88-dd1c5dd51484,66dd1d99-4282-434c-8228-ee5b99623aae,receipt_20250503_529.jpg,jpg,698241,COMPLETED,,colruyt,2025-05-03,65.79,2025-05-03 22:07:00.000000 +00:00,2025-05-03 22:11:18.000000 +00:00
11918fb5-1db6-47c8-894e-d9abd24640d1,66dd1d99-4282-434c-8228-ee5b99623aae,receipt_20250504_419.jpg,jpg,1193400,COMPLETED,,delhaize,2025-05-04,51.41,2025-05-04 11:35:00.000000 +00:00,2025-05-04 11:36:45.000000 +00:00
96b2edfc-25ca-4cae-93f6-02bd88a993ba,66dd1d99-4282-434c-8228-ee5b99623aae,receipt_20250506_105.jpg,jpg,537643,COMPLETED,,spar,2025-05-06,33.28,2025-05-06 19:01:00.000000 +00:00,2025-05-06 19:02:03.000000 +00:00
9b63163a-6a7d-4ad7-ae5f-802e229dcfa9,66dd1d99-4282-434c-8228-ee5b99623aae,receipt_20250507_620.jpg,jpg,640240,COMPLETED,,colruyt,2025-05-07,27.41,2025-05-07 13:41:00.000000 +00:00,2025-05-07 13:43:44.000000 +00:00
b8e6b6bb-b975-4fbd-b19a-d5e5d96d8e7a,66dd1d99-4282-434c-8228-ee5b99623aae,receipt_20250509_641.jpg,jpg,1570213,COMPLETED,,lidl,2025-05-09,27.94,2025-05-09 19:00:00.000000 +00:00,2025-05-09 19:00:44.000000 +00:00
e0c152ba-0906-430d-9ae2-bdaf37f4a0d4,66dd1d99-4282-434c-8228-ee5b99623aae,receipt_20250514_995.jpg,jpg,432602,COMPLETED,,lidl,2025-05-14,70.8,2025-05-14 18:25:00.000000 +00:00,2025-05-14 18:25:33.000000 +00:00
f55c830a-1130-47b7-9c77-c59ace083400,66dd1d99-4282-434c-8228-ee5b99623aae,receipt_20250519_820.jpg,jpg,1165717,COMPLETED,,aldi,2025-05-19,46.9,2025-05-19 16:39:00.000000 +00:00,2025-05-19 16:42:08.000000 +00:00
48d65b20-426b-4770-bee4-5a6335ee35c7,66dd1d99-4282-434c-8228-ee5b99623aae,receipt_20250520_830.jpg,jpg,283748,COMPLETED,,aldi,2025-05-20,65.4,2025-05-20 20:27:00.000000 +00:00,2025-05-20 20:29:09.000000 +00:00
2da03f7d-f918-41fa-acdf-ef59ba24575d,66dd1d99-4282-434c-8228-ee5b99623aae,receipt_20250526_723.jpg,jpg,1310158,COMPLETED,,colruyt,2025-05-26,80.82,2025-05-26 11:31:00.000000 +00:00,2025-05-26 11:31:46.000000 +00:00
2d7452a5-6b6e-48f3-b661-9fc5d1f94388,66dd1d99-4282-434c-8228-ee5b99623aae,receipt_20250601_735.jpg,jpg,818620,COMPLETED,,delhaize,2025-06-01,98.14,2025-06-01 21:15:00.000000 +00:00,2025-06-01 21:16:40.000000 +00:00
9824a41e-edaf-45c6-a78d-a6db9b0f3b47,66dd1d99-4282-434c-8228-ee5b99623aae,receipt_20250602_965.jpg,jpg,944331,COMPLETED,,carrefour,2025-06-02,18.13,2025-06-02 09:27:00.000000 +00:00,2025-06-02 09:27:50.000000 +00:00
b779fc66-044e-4b94-8c1a-6191d5973dd9,66dd1d99-4282-434c-8228-ee5b99623aae,receipt_20250603_624.jpg,jpg,1393116,COMPLETED,,carrefour,2025-06-03,64.27,2025-06-03 14:39:00.000000 +00:00,2025-06-03 14:40:16.000000 +00:00
44e86781-f7f5-4f5d-ae5a-e835c4a45ab7,66dd1d99-4282-434c-8228-ee5b99623aae,receipt_20250604_247.jpg,jpg,1391090,COMPLETED,,carrefour,2025-06-04,41.93,2025-06-04 09:29:00.000000 +00:00,2025-06-04 09:32:58.000000 +00:00
fd83cc3e-ad87-4f7c-8173-f267ce621873,66dd1d99-4282-434c-8228-ee5b99623aae,receipt_20250605_594.jpg,jpg,864314,COMPLETED,,spar,2025-06-05,42.03,2025-06-05 19:19:00.000000 +00:00,2025-06-05 19:22:28.000000 +00:00
fc290add-6a71-45a7-944f-4cd14e6731f2,66dd1d99-4282-434c-8228-ee5b99623aae,receipt_20250606_662.jpg,jpg,1657493,COMPLETED,,aldi,2025-06-06,16.86,2025-06-06 09:12:00.000000 +00:00,2025-06-06 09:13:54.000000 +00:00
e07c2bc0-7308-4d0f-8e00-12139e924439,66dd1d99-4282-434c-8228-ee5b99623aae,receipt_20250607_535.jpg,jpg,1484374,COMPLETED,,colruyt,2025-06-07,38.99,2025-06-07 17:18:00.000000 +00:00,2025-06-07 17:19:53.000000 +00:00
f8014e0b-82d3-44ea-978e-f6306b7d3d6d,66dd1d99-4282-434c-8228-ee5b99623aae,receipt_20250609_805.jpg,jpg,839765,COMPLETED,,lidl,2025-06-09,68.17,2025-06-09 11:40:00.000000 +00:00,2025-06-09 11:44:59.000000 +00:00
00b583cf-74b6-4272-ba69-66dc80352392,66dd1d99-4282-434c-8228-ee5b99623aae,receipt_20250611_187.jpg,jpg,1830586,COMPLETED,,aldi,2025-06-11,38.83,2025-06-11 09:48:00.000000 +00:00,2025-06-11 09:51:27.000000 +00:00
8ec13e2b-f8eb-4591-ad36-7dd8e1fc4d44,66dd1d99-4282-434c-8228-ee5b99623aae,receipt_20250613_354.jpg,jpg,967883,COMPLETED,,colruyt,2025-06-13,25.5,2025-06-13 14:20:00.000000 +00:00,2025-06-13 14:24:30.000000 +00:00
d09980bb-2b8d-4f83-84b5-6e964e971636,66dd1d99-4282-434c-8228-ee5b99623aae,receipt_20250614_145.jpg,jpg,269184,COMPLETED,,delhaize,2025-06-14,52.09,2025-06-14 11:00:00.000000 +00:00,2025-06-14 11:02:38.000000 +00:00
a3afed14-abd1-456c-9968-e6d560c7980c,66dd1d99-4282-434c-8228-ee5b99623aae,receipt_20250618_588.jpg,jpg,915093,COMPLETED,,lidl,2025-06-18,31.79,2025-06-18 11:14:00.000000 +00:00,2025-06-18 11:15:08.000000 +00:00
99327f7c-c07a-434b-8cee-60fd5dfce5ea,66dd1d99-4282-434c-8228-ee5b99623aae,receipt_20250620_473.jpg,jpg,663540,COMPLETED,,delhaize,2025-06-20,42.48,2025-06-20 16:29:00.000000 +00:00,2025-06-20 16:32:10.000000 +00:00
320fa1dd-d94f-4c6e-8363-6bf0b65b41d1,66dd1d99-4282-434c-8228-ee5b99623aae,receipt_20250621_652.jpg,jpg,75795,COMPLETED,,spar,2025-06-21,92.86,2025-06-21 09:19:00.000000 +00:00,2025-06-21 09:21:02.000000 +00:00
5ebf64ed-e79c-4d69-b90d-8e073e0af29b,66dd1d99-4282-434c-8228-ee5b99623aae,receipt_20250624_956.jpg,jpg,674295,COMPLETED,,spar,2025-06-24,32.96,2025-06-24 21:36:00.000000 +00:00,2025-06-24 21:39:04.000000 +00:00
52f8efd5-2732-4503-8d54-b10e39e0b976,66dd1d99-4282-434c-8228-ee5b99623aae,receipt_20250702_144.jpg,jpg,1103860,COMPLETED,,aldi,2025-07-02,19.71,2025-07-02 16:44:00.000000 +00:00,2025-07-02 16:45:24.000000 +00:00
b3182471-a08b-444f-8448-0db309333af3,66dd1d99-4282-434c-8228-ee5b99623aae,receipt_20250703_669.jpg,jpg,1147817,COMPLETED,,lidl,2025-07-03,67.28,2025-07-03 19:45:00.000000 +00:00,2025-07-03 19:46:40.000000 +00:00
fdc842bf-3779-4d95-97bd-5eae4f4ff078,66dd1d99-4282-434c-8228-ee5b99623aae,receipt_20250704_750.jpg,jpg,1225223,COMPLETED,,aldi,2025-07-04,46.9,2025-07-04 20:08:00.000000 +00:00,2025-07-04 20:11:00.000000 +00:00
ed8b0c19-2b93-4533-8e20-81db1a0a7763,66dd1d99-4282-434c-8228-ee5b99623aae,receipt_20250705_934.jpg,jpg,1484617,COMPLETED,,carrefour,2025-07-05,88.17,2025-07-05 10:14:00.000000 +00:00,2025-07-05 10:17:37.000000 +00:00
c242618a-f86e-4236-a187-aaf29cbdbd5a,66dd1d99-4282-434c-8228-ee5b99623aae,receipt_20250706_509.jpg,jpg,1850078,COMPLETED,,lidl,2025-07-06,38.34,2025-07-06 13:47:00.000000 +00:00,2025-07-06 13:48:26.000000 +00:00
b9196ace-2388-435f-b6d0-9e56e9e9e902,66dd1d99-4282-434c-8228-ee5b99623aae,receipt_20250712_225.jpg,jpg,632028,COMPLETED,,colruyt,2025-07-12,13.65,2025-07-12 11:50:00.000000 +00:00,2025-07-12 11:51:25.000000 +00:00
11fff66b-1082-4e89-a0bf-85a31f1459d0,66dd1d99-4282-434c-8228-ee5b99623aae,receipt_20250715_467.jpg,jpg,250450,COMPLETED,,carrefour,2025-07-15,26.29,2025-07-15 11:07:00.000000 +00:00,2025-07-15 11:11:15.000000 +00:00
76b473f4-e6f0-4ee8-a973-7d6170dc0441,66dd1d99-4282-434c-8228-ee5b99623aae,receipt_20250719_199.jpg,jpg,1081059,COMPLETED,,spar,2025-07-19,77.03,2025-07-19 12:11:00.000000 +00:00,2025-07-19 12:14:55.000000 +00:00
ccae39b9-c084-4785-bff5-10c9c32d9185,66dd1d99-4282-434c-8228-ee5b99623aae,receipt_20250720_595.jpg,jpg,147904,COMPLETED,,delhaize,2025-07-20,77.61,2025-07-20 21:17:00.000000 +00:00,2025-07-20 21:18:19.000000 +00:00
a58a1652-e4d6-435c-8818-ea9647a18e9c,66dd1d99-4282-434c-8228-ee5b99623aae,receipt_20250721_807.jpg,jpg,158340,COMPLETED,,colruyt,2025-07-21,16.55,2025-07-21 16:10:00.000000 +00:00,2025-07-21 16:13:52.000000 +00:00
61ddeba8-dbc8-4234-9b14-04af7ccb73ed,66dd1d99-4282-434c-8228-ee5b99623aae,receipt_20250722_741.jpg,jpg,1153943,COMPLETED,,lidl,2025-07-22,59.02,2025-07-22 15:11:00.000000 +00:00,2025-07-22 15:15:28.000000 +00:00
033ee6cc-98e7-48f5-b399-0ada6af7672d,66dd1d99-4282-434c-8228-ee5b99623aae,receipt_20250724_305.jpg,jpg,1324312,COMPLETED,,spar,2025-07-24,48.29,2025-07-24 17:38:00.000000 +00:00,2025-07-24 17:38:31.000000 +00:00
0c7e31cc-a5fb-4e91-8935-a5d4295d612a,66dd1d99-4282-434c-8228-ee5b99623aae,receipt_20250725_875.jpg,jpg,973653,COMPLETED,,aldi,2025-07-25,17.15,2025-07-25 16:27:00.000000 +00:00,2025-07-25 16:29:17.000000 +00:00
3dacd933-035c-473b-b5b3-e38e62c3f89e,66dd1d99-4282-434c-8228-ee5b99623aae,receipt_20250729_982.jpg,jpg,207617,COMPLETED,,carrefour,2025-07-29,63.32,2025-07-29 19:01:00.000000 +00:00,2025-07-29 19:01:55.000000 +00:00
526bf51c-783b-45ce-82cd-41f33e7fdfb3,66dd1d99-4282-434c-8228-ee5b99623aae,receipt_20250731_644.jpg,jpg,1113726,COMPLETED,,spar,2025-07-31,30.66,2025-07-31 09:13:00.000000 +00:00,2025-07-31 09:14:38.000000 +00:00
c6750977-1d54-4f00-aa36-a2b8e9a9ebcc,66dd1d99-4282-434c-8228-ee5b99623aae,receipt_20250801_353.jpg,jpg,1900761,COMPLETED,,spar,2025-08-01,63.07,2025-08-01 17:07:00.000000 +00:00,2025-08-01 17:08:41.000000 +00:00
f3bd0f89-898a-470b-843e-feb80981bbfe,66dd1d99-4282-434c-8228-ee5b99623aae,receipt_20250802_927.jpg,jpg,1855634,COMPLETED,,delhaize,2025-08-02,50.31,2025-08-02 11:37:00.000000 +00:00,2025-08-02 11:41:17.000000 +00:00
cdd46020-1e2f-49e8-817d-949465e9d90a,66dd1d99-4282-434c-8228-ee5b99623aae,receipt_20250810_861.jpg,jpg,1859847,COMPLETED,,carrefour,2025-08-10,72.41,2025-08-10 11:44:00.000000 +00:00,2025-08-10 11:45:53.000000 +00:00
bda48148-b1be-4755-869e-fb95c7c5223f,66dd1d99-4282-434c-8228-ee5b99623aae,receipt_20250811_970.jpg,jpg,1270646,COMPLETED,,spar,2025-08-11,39.14,2025-08-11 12:53:00.000000 +00:00,2025-08-11 12:57:28.000000 +00:00
0c6079a7-b70d-49d3-8701-e0d23f04e23e,66dd1d99-4282-434c-8228-ee5b99623aae,receipt_20250812_947.jpg,jpg,930803,COMPLETED,,colruyt,2025-08-12,76.12,2025-08-12 17:04:00.000000 +00:00,2025-08-12 17:05:03.000000 +00:00
1f9937c2-f877-4ff6-88b8-05f424ef0b2e,66dd1d99-4282-434c-8228-ee5b99623aae,receipt_20250813_136.jpg,jpg,133931,COMPLETED,,colruyt,2025-08-13,37.64,2025-08-13 18:18:00.000000 +00:00,2025-08-13 18:20:23.000000 +00:00
0e8d465c-c823-4e05-af34-40c0731795c8,66dd1d99-4282-434c-8228-ee5b99623aae,receipt_20250814_424.jpg,jpg,1573633,COMPLETED,,lidl,2025-08-14,42.99,2025-08-14 09:53:00.000000 +00:00,2025-08-14 09:54:45.000000 +00:00
4f73b397-09e7-4715-b835-f67e8e65e67f,66dd1d99-4282-434c-8228-ee5b99623aae,receipt_20250817_142.jpg,jpg,1766827,COMPLETED,,carrefour,2025-08-17,6.97,2025-08-17 19:23:00.000000 +00:00,2025-08-17 19:25:56.000000 +00:00
ae6b03e5-e42e-4a42-b640-3e62bedc3269,66dd1d99-4282-434c-8228-ee5b99623aae,receipt_20250819_679.jpg,jpg,389287,COMPLETED,,lidl,2025-08-19,42.96,2025-08-19 13:35:00.000000 +00:00,2025-08-19 13:36:29.000000 +00:00
9e329a3b-1945-4894-84c0-ff7d1315c447,66dd1d99-4282-434c-8228-ee5b99623aae,receipt_20250820_969.jpg,jpg,1379685,COMPLETED,,aldi,2025-08-20,32.71,2025-08-20 19:10:00.000000 +00:00,2025-08-20 19:13:09.000000 +00:00
b8670456-5493-4da9-96b9-b3f99a01c45d,66dd1d99-4282-434c-8228-ee5b99623aae,receipt_20250824_100.jpg,jpg,487515,COMPLETED,,colruyt,2025-08-24,45.21,2025-08-24 21:18:00.000000 +00:00,2025-08-24 21:19:21.000000 +00:00
c7f05884-8c20-4d0c-b1df-a6735254ff42,66dd1d99-4282-434c-8228-ee5b99623aae,receipt_20250830_727.jpg,jpg,709702,COMPLETED,,spar,2025-08-30,57.12,2025-08-30 15:48:00.000000 +00:00,2025-08-30 15:51:50.000000 +00:00
cf38a78f-4c6e-481e-8b33-d0bf42601e08,66dd1d99-4282-434c-8228-ee5b99623aae,receipt_20250903_264.jpg,jpg,1743658,COMPLETED,,delhaize,2025-09-03,35.59,2025-09-03 15:42:00.000000 +00:00,2025-09-03 15:45:26.000000 +00:00
e7677091-8b3b-435d-8d98-d33d70734bd5,66dd1d99-4282-434c-8228-ee5b99623aae,receipt_20250906_909.jpg,jpg,1683521,COMPLETED,,delhaize,2025-09-06,64.63,2025-09-06 19:40:00.000000 +00:00,2025-09-06 19:43:42.000000 +00:00
800b8087-1b86-4a73-87d6-b2f75db7faac,66dd1d99-4282-434c-8228-ee5b99623aae,receipt_20250913_535.jpg,jpg,1177211,COMPLETED,,lidl,2025-09-13,30.61,2025-09-13 10:14:00.000000 +00:00,2025-09-13 10:17:13.000000 +00:00
ce3c3592-a9f0-4a17-8ff8-2de67ef1c645,66dd1d99-4282-434c-8228-ee5b99623aae,receipt_20250916_776.jpg,jpg,620509,COMPLETED,,spar,2025-09-16,94.04,2025-09-16 09:58:00.000000 +00:00,2025-09-16 10:00:26.000000 +00:00
966e35c7-eed5-4452-b292-f1fea666b124,66dd1d99-4282-434c-8228-ee5b99623aae,receipt_20250921_665.jpg,jpg,448405,COMPLETED,,lidl,2025-09-21,34.9,2025-09-21 12:15:00.000000 +00:00,2025-09-21 12:17:53.000000 +00:00
f931da16-1c38-4880-a509-062120a0a7f1,66dd1d99-4282-434c-8228-ee5b99623aae,receipt_20250927_698.jpg,jpg,1188787,COMPLETED,,carrefour,2025-09-27,74.6,2025-09-27 12:36:00.000000 +00:00,2025-09-27 12:36:33.000000 +00:00
17f47fb2-b7d0-4174-af07-26216c191b65,66dd1d99-4282-434c-8228-ee5b99623aae,receipt_20250928_827.jpg,jpg,160782,COMPLETED,,spar,2025-09-28,11.55,2025-09-28 19:52:00.000000 +00:00,2025-09-28 19:53:59.000000 +00:00
7e5042e9-1167-47ec-8db5-c6d5831af7be,66dd1d99-4282-434c-8228-ee5b99623aae,receipt_20250930_189.jpg,jpg,1417335,COMPLETED,,delhaize,2025-09-30,16.72,2025-09-30 22:39:00.000000 +00:00,2025-09-30 22:42:12.000000 +00:00
1b498154-3b69-47d8-887e-c963e9afe5e6,66dd1d99-4282-434c-8228-ee5b99623aae,receipt_20251002_890.jpg,jpg,1574815,COMPLETED,,carrefour,2025-10-02,50.68,2025-10-02 16:10:00.000000 +00:00,2025-10-02 16:14:33.000000 +00:00
fb1d0c6f-fa10-40b3-b922-6c82e2f39785,66dd1d99-4282-434c-8228-ee5b99623aae,receipt_20251003_260.jpg,jpg,1213405,COMPLETED,,colruyt,2025-10-03,34.64,2025-10-03 18:20:00.000000 +00:00,2025-10-03 18:24:48.000000 +00:00
a21152a6-ba15-4d3c-a93f-a52f0637d623,66dd1d99-4282-434c-8228-ee5b99623aae,receipt_20251004_467.jpg,jpg,1310471,COMPLETED,,carrefour,2025-10-04,81.1,2025-10-04 14:34:00.000000 +00:00,2025-10-04 14:36:43.000000 +00:00
eb487819-9968-4838-b00a-2e3d5ca6ed84,66dd1d99-4282-434c-8228-ee5b99623aae,receipt_20251009_515.jpg,jpg,692156,COMPLETED,,lidl,2025-10-09,61.53,2025-10-09 12:27:00.000000 +00:00,2025-10-09 12:31:10.000000 +00:00
15a5893d-8ca4-4000-8151-9f5b6589172a,66dd1d99-4282-434c-8228-ee5b99623aae,receipt_20251010_921.jpg,jpg,1258921,COMPLETED,,delhaize,2025-10-10,56.44,2025-10-10 18:58:00.000000 +00:00,2025-10-10 19:00:40.000000 +00:00
366468cb-22b5-45a6-9fb1-caf3741ab740,66dd1d99-4282-434c-8228-ee5b99623aae,receipt_20251011_944.jpg,jpg,725583,COMPLETED,,delhaize,2025-10-11,15.25,2025-10-11 20:52:00.000000 +00:00,2025-10-11 20:56:46.000000 +00:00
d57812e2-b064-4aad-be7e-a9e4ab6d57e4,66dd1d99-4282-434c-8228-ee5b99623aae,receipt_20251014_946.jpg,jpg,1221094,COMPLETED,,lidl,2025-10-14,18.47,2025-10-14 17:27:00.000000 +00:00,2025-10-14 17:29:25.000000 +00:00
a90f031f-8f1e-4690-8a39-05fa7197bf5a,66dd1d99-4282-434c-8228-ee5b99623aae,receipt_20251019_368.jpg,jpg,1142930,COMPLETED,,delhaize,2025-10-19,16.65,2025-10-19 15:31:00.000000 +00:00,2025-10-19 15:35:44.000000 +00:00
38caecd9-969f-4682-8ea8-ccc9757fbf4f,66dd1d99-4282-434c-8228-ee5b99623aae,receipt_20251020_382.jpg,jpg,1065574,COMPLETED,,spar,2025-10-20,104.61,2025-10-20 15:28:00.000000 +00:00,2025-10-20 15:31:13.000000 +00:00
ccd0cf22-7c07-4931-978c-5b1340b400eb,66dd1d99-4282-434c-8228-ee5b99623aae,receipt_20251022_608.jpg,jpg,911544,COMPLETED,,lidl,2025-10-22,123.67,2025-10-22 16:29:00.000000 +00:00,2025-10-22 16:33:41.000000 +00:00
fb8f58f1-fee8-4ade-a15f-2920464acf6a,66dd1d99-4282-434c-8228-ee5b99623aae,receipt_20251023_854.jpg,jpg,406005,COMPLETED,,carrefour,2025-10-23,43.91,2025-10-23 18:02:00.000000 +00:00,2025-10-23 18:02:43.000000 +00:00
f57ab7c4-2c69-49b9-b720-2beaaa17fc8f,66dd1d99-4282-434c-8228-ee5b99623aae,receipt_20251026_420.jpg,jpg,1709754,COMPLETED,,carrefour,2025-10-26,63.31,2025-10-26 19:49:00.000000 +00:00,2025-10-26 19:49:57.000000 +00:00
513248be-feda-4d1f-bba9-7f7e876b4393,66dd1d99-4282-434c-8228-ee5b99623aae,receipt_20251030_860.jpg,jpg,750205,COMPLETED,,delhaize,2025-10-30,95.75,2025-10-30 21:05:00.000000 +00:00,2025-10-30 21:09:09.000000 +00:00
e0ae77aa-9f6f-4a1e-a764-39a160a48390,66dd1d99-4282-434c-8228-ee5b99623aae,receipt_20251031_875.jpg,jpg,179880,COMPLETED,,delhaize,2025-10-31,60.88,2025-10-31 16:58:00.000000 +00:00,2025-10-31 16:59:48.000000 +00:00
dbbb107c-ac0e-4c60-9982-f60e6fada14f,66dd1d99-4282-434c-8228-ee5b99623aae,receipt_20251104_676.jpg,jpg,569186,COMPLETED,,lidl,2025-11-04,29.49,2025-11-04 13:29:00.000000 +00:00,2025-11-04 13:32:09.000000 +00:00
fba04e02-45a1-421c-90ec-468b2d3d5647,66dd1d99-4282-434c-8228-ee5b99623aae,receipt_20251106_310.jpg,jpg,1551386,COMPLETED,,colruyt,2025-11-06,27.32,2025-11-06 17:46:00.000000 +00:00,2025-11-06 17:49:19.000000 +00:00
8431d9d6-ece5-4e97-b94d-57992ffd13a6,66dd1d99-4282-434c-8228-ee5b99623aae,receipt_20251107_765.jpg,jpg,1404991,COMPLETED,,delhaize,2025-11-07,27.52,2025-11-07 20:25:00.000000 +00:00,2025-11-07 20:27:59.000000 +00:00
c2e7e7fc-1321-4c6a-8f5a-0c7083a75b8d,66dd1d99-4282-434c-8228-ee5b99623aae,receipt_20251109_336.jpg,jpg,172854,COMPLETED,,spar,2025-11-09,87.77,2025-11-09 15:18:00.000000 +00:00,2025-11-09 15:21:27.000000 +00:00
1583f9ca-2555-4c07-a8c0-c2319cc21fd6,66dd1d99-4282-434c-8228-ee5b99623aae,receipt_20251110_735.jpg,jpg,1817949,COMPLETED,,delhaize,2025-11-10,48.42,2025-11-10 12:26:00.000000 +00:00,2025-11-10 12:30:17.000000 +00:00
f17a9bec-1eb8-4ce8-8672-cd382b2061a5,66dd1d99-4282-434c-8228-ee5b99623aae,receipt_20251116_334.jpg,jpg,832712,COMPLETED,,aldi,2025-11-16,109.58,2025-11-16 16:26:00.000000 +00:00,2025-11-16 16:28:32.000000 +00:00
f9bac668-9385-41aa-990a-1f4941565cf7,66dd1d99-4282-434c-8228-ee5b99623aae,receipt_20251117_101.jpg,jpg,1726080,COMPLETED,,delhaize,2025-11-17,59.88,2025-11-17 20:05:00.000000 +00:00,2025-11-17 20:06:11.000000 +00:00
396c4ba8-13d7-4d89-9177-dac4137d7ec5,66dd1d99-4282-434c-8228-ee5b99623aae,receipt_20251120_768.jpg,jpg,1563168,COMPLETED,,lidl,2025-11-20,43.4,2025-11-20 14:22:00.000000 +00:00,2025-11-20 14:24:13.000000 +00:00
ed3da445-653f-4278-9f9a-3bedf93800b7,66dd1d99-4282-434c-8228-ee5b99623aae,receipt_20251122_946.jpg,jpg,1056058,COMPLETED,,carrefour,2025-11-22,74.18,2025-11-22 13:24:00.000000 +00:00,2025-11-22 13:27:39.000000 +00:00
ce227eea-c488-43fd-9453-cdd31c3e3b60,66dd1d99-4282-434c-8228-ee5b99623aae,receipt_20251123_353.jpg,jpg,787950,COMPLETED,,carrefour,2025-11-23,9.96,2025-11-23 16:09:00.000000 +00:00,2025-11-23 16:13:58.000000 +00:00
7f7bb7c3-6c8f-46eb-9f15-e245afc18ff2,66dd1d99-4282-434c-8228-ee5b99623aae,receipt_20251126_736.jpg,jpg,1553753,COMPLETED,,aldi,2025-11-26,24.22,2025-11-26 12:12:00.000000 +00:00,2025-11-26 12:14:18.000000 +00:00
280ed3e6-28b6-4ae0-8856-b83a644ece50,66dd1d99-4282-434c-8228-ee5b99623aae,receipt_20251127_789.jpg,jpg,1363529,COMPLETED,,colruyt,2025-11-27,11.14,2025-11-27 11:38:00.000000 +00:00,2025-11-27 11:41:11.000000 +00:00
ac299d37-de44-408b-8445-e26fb8b50b40,66dd1d99-4282-434c-8228-ee5b99623aae,receipt_20251201_666.jpg,jpg,1446524,COMPLETED,,colruyt,2025-12-01,61.91,2025-12-01 14:31:00.000000 +00:00,2025-12-01 14:35:03.000000 +00:00
0379d8a6-d79a-4cf4-8625-b7ca0bf010aa,66dd1d99-4282-434c-8228-ee5b99623aae,receipt_20251203_544.jpg,jpg,881651,COMPLETED,,spar,2025-12-03,17.45,2025-12-03 14:15:00.000000 +00:00,2025-12-03 14:15:36.000000 +00:00
e3c11648-c002-43ff-9ef1-69634b677b93,66dd1d99-4282-434c-8228-ee5b99623aae,receipt_20251204_502.jpg,jpg,360077,COMPLETED,,delhaize,2025-12-04,30.41,2025-12-04 18:11:00.000000 +00:00,2025-12-04 18:14:51.000000 +00:00
5b31d0c7-1258-4dda-a524-43a9ea161b02,66dd1d99-4282-434c-8228-ee5b99623aae,receipt_20251206_812.jpg,jpg,123572,COMPLETED,,aldi,2025-12-06,44.11,2025-12-06 17:55:00.000000 +00:00,2025-12-06 17:56:07.000000 +00:00
3c650bb7-be92-4f58-9719-489c4cd12cce,66dd1d99-4282-434c-8228-ee5b99623aae,receipt_20251207_160.jpg,jpg,1695749,COMPLETED,,spar,2025-12-07,17.94,2025-12-07 11:30:00.000000 +00:00,2025-12-07 11:34:15.000000 +00:00
890522a4-a04e-4b58-b7d2-d45ac13ec0d0,66dd1d99-4282-434c-8228-ee5b99623aae,receipt_20251212_190.jpg,jpg,226763,COMPLETED,,lidl,2025-12-12,35.58,2025-12-12 19:00:00.000000 +00:00,2025-12-12 19:04:17.000000 +00:00
7078fc5c-2350-4d28-bf1b-a906d6514309,66dd1d99-4282-434c-8228-ee5b99623aae,receipt_20251217_222.jpg,jpg,419525,COMPLETED,,colruyt,2025-12-17,43.62,2025-12-17 20:42:00.000000 +00:00,2025-12-17 20:45:13.000000 +00:00
46a6cd4d-3f29-4ae9-8038-74dd81919059,66dd1d99-4282-434c-8228-ee5b99623aae,receipt_20251218_183.jpg,jpg,1707836,COMPLETED,,colruyt,2025-12-18,88.79,2025-12-18 17:24:00.000000 +00:00,2025-12-18 17:24:48.000000 +00:00
66d29fe9-8541-446a-9be6-8341bfbdb1c9,66dd1d99-4282-434c-8228-ee5b99623aae,receipt_20251223_783.jpg,jpg,1903744,COMPLETED,,spar,2025-12-23,47.2,2025-12-23 21:45:00.000000 +00:00,2025-12-23 21:45:30.000000 +00:00
d6049963-26d5-466e-a6b4-8df1056a6331,66dd1d99-4282-434c-8228-ee5b99623aae,receipt_20251226_778.jpg,jpg,463094,COMPLETED,,delhaize,2025-12-26,24.84,2025-12-26 17:53:00.000000 +00:00,2025-12-26 17:56:05.000000 +00:00
d8df625f-0fd3-4375-b200-eccb0eaad138,66dd1d99-4282-434c-8228-ee5b99623aae,receipt_20251227_800.jpg,jpg,827869,COMPLETED,,lidl,2025-12-27,7.76,2025-12-27 09:48:00.000000 +00:00,2025-12-27 09:49:25.000000 +00:00
db96579d-79b6-4d6b-988e-44a764f143ab,66dd1d99-4282-434c-8228-ee5b99623aae,receipt_20251228_123.jpg,jpg,918296,COMPLETED,,spar,2025-12-28,33.58,2025-12-28 19:32:00.000000 +00:00,2025-12-28 19:35:46.000000 +00:00
7a492d66-ec02-49a7-80d7-37eb15f8d9b9,66dd1d99-4282-434c-8228-ee5b99623aae,receipt_20251230_396.jpg,jpg,279462,COMPLETED,,aldi,2025-12-30,27.44,2025-12-30 13:05:00.000000 +00:00,2025-12-30 13:09:22.000000 +00:00
47037258-7a52-4bac-9206-f362963e34e2,66dd1d99-4282-434c-8228-ee5b99623aae,receipt_20260101_536.jpg,jpg,683464,COMPLETED,,colruyt,2026-01-01,25.6,2026-01-01 13:24:00.000000 +00:00,2026-01-01 13:25:47.000000 +00:00
a159f698-5f0e-4ff7-aa56-cf2fd6cfebee,66dd1d99-4282-434c-8228-ee5b99623aae,receipt_20260102_454.jpg,jpg,78166,COMPLETED,,lidl,2026-01-02,31.63,2026-01-02 10:17:00.000000 +00:00,2026-01-02 10:21:48.000000 +00:00
68f64cbd-f4d2-48e7-9728-deff07c77eb5,66dd1d99-4282-434c-8228-ee5b99623aae,receipt_20260104_411.jpg,jpg,474457,COMPLETED,,colruyt,2026-01-04,51.45,2026-01-04 15:39:00.000000 +00:00,2026-01-04 15:41:23.000000 +00:00
7f933bc5-6ff0-4047-b83b-a21367622972,66dd1d99-4282-434c-8228-ee5b99623aae,receipt_20260105_117.jpg,jpg,90426,COMPLETED,,aldi,2026-01-05,19.23,2026-01-05 12:16:00.000000 +00:00,2026-01-05 12:20:27.000000 +00:00
ca1ce5a6-2b5e-4134-b721-78f6e79f9e64,66dd1d99-4282-434c-8228-ee5b99623aae,receipt_20260110_243.jpg,jpg,1785973,COMPLETED,,lidl,2026-01-10,20.03,2026-01-10 14:23:00.000000 +00:00,2026-01-10 14:25:51.000000 +00:00
6307c291-4847-452e-b61d-d79e315b4994,66dd1d99-4282-434c-8228-ee5b99623aae,receipt_20260113_394.jpg,jpg,409362,COMPLETED,,colruyt,2026-01-13,41.5,2026-01-13 17:29:00.000000 +00:00,2026-01-13 17:32:31.000000 +00:00
